{"cameraMode":{"drawMode":0,"name":"Shaded","section":"Shading Mode"},"sceneLighting":true,"audioPlay":false,"sceneViewState":{"showFog":true,"showMaterialUpdate":false,"showSkybox":true,"showFlares":true,"showImageEffects":true,"showParticleSystems":true},"in2DMode":false,"pivot":{"x":2.0981411933898927,"y":-1.8584240674972535,"z":-1.5784239768981934},"rotation":{"x":0.33868303894996645,"y":0.09574053436517716,"z":-0.03466593846678734,"w":0.9353751540184021},"size":12.105290412902832,"orthographic":false}